time,lat,lon,elevation,accuracy,bearing,speed,satellites,provider,hdop,vdop,pdop,geoidheight,ageofdgpsdata,dgpsid,activity,battery,annotation,timestamp_ms,time_offset,distance,starttimestamp_ms,profile_name,battery_charging,frequency
2024-12-03 19:07:49+00:00,32.61155613438891,-111.24295673889374,628.5633484162895,23.5,0.0,0.0,31,gps,0.6,1.0,1.2,-27.3,,,,98,,1733224973699,2024-12-03T04:22:53.699-07:00,0.0,1733224973825,Default Profile,False,442
2024-12-03 19:09:51+00:00,32.61299950769171,-111.24329853337258,629.0,3.0,318.7,0.9,21,gps,0.6,0.8,1.0,-27.3,,,,71,,1733252930000,2024-12-03T12:08:50.000-07:00,3095.164421617974,1733224973825,Default Profile,True,2
2024-12-03 19:10:52+00:00,32.61631448753178,-111.25567680224776,616.0,2.0,272.0,22.74,22,gps,0.4,0.6,0.8,-27.3,,,,71,,1733253052000,2024-12-03T12:10:52.000-07:00,4378.597761487135,1733224973825,Default Profile,True,1
2024-12-03 19:11:53+00:00,32.615171573124826,-111.26909849233924,600.0,2.0,256.3,19.84,22,gps,0.6,0.8,1.0,-27.3,,,,72,,1733253113000,2024-12-03T12:11:53.000-07:00,5642.080503459663,1733224973825,Default Profile,True,1
2024-12-03 19:12:54+00:00,32.6119178859517,-111.28264389932156,584.0,2.0,254.6,23.0,22,gps,0.4,0.6,0.8,-27.3,,,,72,,1733253174000,2024-12-03T12:12:54.000-07:00,6961.352202509369,1733224973825,Default Profile,True,1
2024-12-03 19:13:55+00:00,32.61100312694907,-111.29715708084404,569.0,2.5,269.8,23.019999,22,gps,0.4,0.6,0.8,-27.3,,,,72,,1733253235000,2024-12-03T12:13:55.000-07:00,8324.521554912008,1733224973825,Default Profile,True,1
2024-12-03 19:14:56+00:00,32.61100974865258,-111.31198156625032,556.0,2.5,270.4,21.06,22,gps,0.4,0.6,0.8,-27.3,,,,72,,1733253296000,2024-12-03T12:14:56.000-07:00,9713.056024290514,1733224973825,Default Profile,True,1
2024-12-03 19:15:57+00:00,32.60574654210359,-111.32201520726085,544.0,2.0,224.3,20.6,22,gps,0.4,0.6,0.8,-27.3,,,,73,,1733253357000,2024-12-03T12:15:57.000-07:00,10820.207464146162,1733224973825,Default Profile,True,1
2024-12-03 19:16:58+00:00,32.5976279983297,-111.33113270625472,537.0,2.0,223.6,17.949999,22,gps,0.4,0.6,0.8,-27.3,,,,73,,1733253418000,2024-12-03T12:16:58.000-07:00,12062.942957577943,1733224973825,Default Profile,True,1
2024-12-03 19:17:59+00:00,32.59178292006254,-111.33771459572016,533.0,3.0,204.6,3.51,22,gps,0.4,0.6,0.8,-27.3,,,,73,,1733253479000,2024-12-03T12:17:59.000-07:00,12958.837427642393,1733224973825,Default Profile,True,1
2024-12-03 19:19:00+00:00,32.582894708029926,-111.33040582761168,538.0,2.0,144.8,20.84,22,gps,0.4,0.6,0.8,-27.3,,,,73,,1733253540000,2024-12-03T12:19:00.000-07:00,14161.199835837397,1733224973825,Default Profile,True,1
2024-12-03 19:20:01+00:00,32.573757343925536,-111.32268810644746,547.0,2.0,142.2,12.59,22,gps,0.4,0.6,0.8,-27.3,,,,73,,1733253601000,2024-12-03T12:20:01.000-07:00,15408.296625235842,1733224973825,Default Profile,True,1
2024-12-03 19:21:02+00:00,32.570952088572085,-111.32346326485276,540.0,2.5,92.7,19.73,22,gps,0.4,0.6,0.8,-27.3,,,,74,,1733253662000,2024-12-03T12:21:02.000-07:00,15728.572262529491,1733224973825,Default Profile,True,1
2024-12-03 19:22:03+00:00,32.55852683912963,-111.31088982336225,547.0,2.0,142.9,31.34,22,gps,0.4,0.6,0.8,-27.3,,,,74,,1733253723000,2024-12-03T12:22:03.000-07:00,17544.41204487671,1733224973825,Default Profile,True,1
2024-12-03 19:23:04+00:00,32.543042614124715,-111.29784129559994,552.0,2.0,144.6,34.92,22,gps,0.4,0.6,0.8,-27.3,,,,74,,1733253784000,2024-12-03T12:23:04.000-07:00,19656.33943357037,1733224973825,Default Profile,True,1
2024-12-03 19:24:05+00:00,32.52738438080996,-111.28478388302028,557.0,2.5,144.5,34.809998,21,gps,0.6,0.8,1.0,-27.3,,,,74,,1733253845000,2024-12-03T12:24:05.000-07:00,21784.67147956588,1733224973825,Default Profile,True,1
2024-12-03 19:25:06+00:00,32.51165268011391,-111.2718976289034,562.0,2.0,151.3,34.78,21,gps,0.6,0.8,1.0,-27.3,,,,75,,1733253906000,2024-12-03T12:25:06.000-07:00,23910.653205740735,1733224973825,Default Profile,True,1
2024-12-03 19:26:07+00:00,32.49480430036783,-111.26207387074828,561.0,2.5,139.8,34.95,21,gps,0.6,0.8,1.0,-27.5,,,,75,,1733253967000,2024-12-03T12:26:07.000-07:00,25998.36195100949,1733224973825,Default Profile,True,1
2024-12-03 19:27:08+00:00,32.48227389995009,-111.2449630536139,564.0,2.0,130.0,34.91,21,gps,0.6,0.8,1.0,-27.5,,,,75,,1733254028000,2024-12-03T12:27:08.000-07:00,28123.672379507236,1733224973825,Default Profile,True,1
2024-12-03 19:28:09+00:00,32.469966961070895,-111.22772315517068,569.0,2.0,129.9,31.89,21,gps,0.6,0.8,1.0,-27.5,,,,75,,1733254089000,2024-12-03T12:28:09.000-07:00,30242.17383531037,1733224973825,Default Profile,True,1
2024-12-03 19:29:10+00:00,32.46177918277681,-111.21737360022962,575.0,2.5,130.3,1.91,21,gps,0.6,0.8,1.0,-27.5,,,,76,,1733254150000,2024-12-03T12:29:10.000-07:00,31573.210913333864,1733224973825,Default Profile,True,1
2024-12-03 19:30:11+00:00,32.45895469095558,-111.21703530661762,572.0,2.0,180.1,4.13,21,gps,0.6,0.8,1.0,-27.5,,,,76,,1733254211000,2024-12-03T12:30:11.000-07:00,31888.879773981276,1733224973825,Default Profile,True,1
2024-12-03 20:26:19+00:00,32.45852471975189,-111.21667096354186,575.9188566387825,3.5,312.6,4.49,23,gps,0.6,0.8,1.0,-27.5,,,,76,,1733254272000,2024-12-03T12:31:12.000-07:00,32008.820001638735,1733224973825,Default Profile,True,53
2024-12-03 20:27:20+00:00,32.460471144877374,-111.22639504261316,568.0,2.5,270.3,23.16,22,gps,0.6,0.8,1.0,-27.5,,,,71,,1733257640000,2024-12-03T13:27:20.000-07:00,33410.50147448853,1733224973825,Default Profile,True,1
2024-12-03 20:28:21+00:00,32.46050940826535,-111.24119270592928,566.0,2.0,269.6,22.65,22,gps,0.6,0.8,1.0,-27.5,,,,71,,1733257701000,2024-12-03T13:28:21.000-07:00,34798.85474941291,1733224973825,Default Profile,True,1
2024-12-03 20:29:22+00:00,32.460457775741816,-111.25592758879066,562.0,2.0,270.1,22.74,21,gps,0.6,0.8,1.0,-27.5,,,,72,,1733257762000,2024-12-03T13:29:22.000-07:00,36181.32333963211,1733224973825,Default Profile,True,1
2024-12-03 20:30:23+00:00,32.46041217818856,-111.27067127265036,561.0,2.0,269.3,22.72,23,gps,0.6,0.8,1.0,-27.5,,,,72,,1733257823000,2024-12-03T13:30:23.000-07:00,37564.61577446463,1733224973825,Default Profile,True,1
2024-12-03 20:31:24+00:00,32.4524356238544,-111.28102300688624,559.0,1.5,218.8,22.82,22,gps,0.6,0.8,1.0,-27.5,,,,72,,1733257884000,2024-12-03T13:31:24.000-07:00,38879.92535299401,1733224973825,Default Profile,True,1
2024-12-03 20:32:25+00:00,32.45121282991022,-111.29668727517128,559.0,1.5,270.2,25.42,22,gps,0.6,0.8,1.0,-27.5,,,,72,,1733257945000,2024-12-03T13:32:25.000-07:00,40355.99584340772,1733224973825,Default Profile,True,1
2024-12-03 20:33:26+00:00,32.448905291967094,-111.3043000549078,556.0,2.0,180.0,24.51,22,gps,0.6,0.8,1.0,-27.6,,,,73,,1733258006000,2024-12-03T13:33:26.000-07:00,41115.01016182494,1733224973825,Default Profile,True,1
2024-12-03 20:34:27+00:00,32.43569197598845,-111.3042950257659,555.0,2.0,179.9,23.779999,22,gps,0.6,0.8,1.0,-27.6,,,,73,,1733258067000,2024-12-03T13:34:27.000-07:00,42584.26393859783,1733224973825,Default Profile,True,1
2024-12-03 20:40:41+00:00,32.42889608955011,-111.30483504384756,563.8333333333334,3.0,353.1,2.25,25,gps,0.6,0.8,1.0,-27.6,,,,73,,1733258128000,2024-12-03T13:35:28.000-07:00,43360.76749201649,1733224973825,Default Profile,True,6
2024-12-03 20:41:42+00:00,32.42940165102482,-111.30991551093756,561.0,2.0,270.3,23.25,23,gps,0.4,0.6,0.8,-27.6,,,,72,,1733258502000,2024-12-03T13:41:42.000-07:00,43905.09472230916,1733224973825,Default Profile,False,1
2024-12-03 20:42:43+00:00,32.42939984891564,-111.32464410737155,560.0,2.0,270.0,22.92,23,gps,0.4,0.6,0.8,-27.6,,,,72,,1733258563000,2024-12-03T13:42:43.000-07:00,45287.4382562073,1733224973825,Default Profile,False,1
2024-12-03 20:43:44+00:00,32.429384174756706,-111.33936398662628,557.0,2.0,270.4,22.789999,23,gps,0.4,0.6,0.8,-27.6,,,,72,,1733258624000,2024-12-03T13:43:44.000-07:00,46668.96486323345,1733224973825,Default Profile,False,1
2024-12-03 20:44:45+00:00,32.43289698846638,-111.3469995651394,561.0,1.5,359.8,23.08,23,gps,0.4,0.6,0.8,-27.7,,,,71,,1733258685000,2024-12-03T13:44:45.000-07:00,47485.12437972946,1733224973825,Default Profile,False,1
2024-12-03 20:45:46+00:00,32.443936206400394,-111.34471834637225,556.0,2.5,3.3,17.65,23,gps,0.4,0.6,0.8,-27.7,,,,71,,1733258746000,2024-12-03T13:45:46.000-07:00,48731.15779410189,1733224973825,Default Profile,False,1
2024-12-03 20:46:47+00:00,32.45614092797041,-111.34472379460932,549.0,1.5,359.9,21.49,23,gps,0.4,0.6,0.8,-27.7,,,,71,,1733258807000,2024-12-03T13:46:47.000-07:00,50088.26101008659,1733224973825,Default Profile,False,1
2024-12-03 20:47:48+00:00,32.46398194693029,-111.34565896354616,544.0,2.5,247.4,11.469999,23,gps,0.4,0.6,0.8,-27.7,,,,70,,1733258868000,2024-12-03T13:47:48.000-07:00,50964.54617051463,1733224973825,Default Profile,False,1
2024-12-03 20:48:49+00:00,32.46148099657148,-111.3558020722121,552.0,2.5,248.1,15.79,23,gps,0.4,0.8,0.8,-27.7,,,,70,,1733258929000,2024-12-03T13:48:49.000-07:00,51955.97073656097,1733224973825,Default Profile,False,1
2024-12-03 20:49:50+00:00,32.458542636595666,-111.3642549701035,559.0,2.0,227.0,22.01,23,gps,0.4,0.8,0.8,-27.6,,,,70,,1733258990000,2024-12-03T13:49:50.000-07:00,52813.70992273559,1733224973825,Default Profile,False,1
2024-12-03 20:50:51.735000+00:00,32.45188937522471,-111.37356474995612,570.0,16.0,220.1,18.74,7,gps,0.4,0.8,0.8,-27.6,,,,70,,1733259051735,2024-12-03T13:50:51.735-07:00,53958.41213157817,1733224973825,Default Profile,False,1
2024-12-03 20:51:53.974000+00:00,32.445584926754236,-111.38185562565924,573.0,18.5,228.8,18.91,17,gps,0.4,0.8,1.0,-27.6,,,,69,,1733259113974,2024-12-03T13:51:53.974-07:00,55005.63101383819,1733224973825,Default Profile,False,1
2024-12-03 20:52:55+00:00,32.44536188431084,-111.39259066432714,594.0,2.0,273.1,15.929999,23,gps,0.4,0.8,1.0,-27.7,,,,69,,1733259175000,2024-12-03T13:52:55.000-07:00,56013.28723360912,1733224973825,Default Profile,False,1
2024-12-03 20:53:56.804000+00:00,32.443983857519925,-111.40426070429385,598.0,17.0,286.1,20.39,21,gps,0.6,0.8,1.0,-27.7,,,,69,,1733259236804,2024-12-03T13:53:56.804-07:00,57119.05447121875,1733224973825,Default Profile,False,1
2024-12-03 20:54:57+00:00,32.44588022120297,-111.41478594392538,610.0,2.0,299.5,17.65,23,gps,0.4,0.8,0.8,-27.7,,,,69,,1733259297000,2024-12-03T13:54:57.000-07:00,58128.98327809733,1733224973825,Default Profile,False,1
2024-12-03 20:55:58+00:00,32.445278484374285,-111.42496299929915,621.0,2.0,246.0,16.109999,23,gps,0.4,0.8,0.8,-27.7,,,,68,,1733259358000,2024-12-03T13:55:58.000-07:00,59086.31437964828,1733224973825,Default Profile,False,1
2024-12-03 20:56:59+00:00,32.44433824438602,-111.43063511699438,629.0,3.0,331.3,5.0099998,22,gps,0.4,0.8,1.0,-27.7,,,,68,,1733259419000,2024-12-03T13:56:59.000-07:00,59628.74754796288,1733224973825,Default Profile,False,1
2024-12-03 20:58:00+00:00,32.44789854157716,-111.43515581265092,636.0,2.0,6.7,10.99,22,gps,0.4,0.8,1.0,-27.7,,,,68,,1733259480000,2024-12-03T13:58:00.000-07:00,60208.988313710455,1733224973825,Default Profile,False,1
2024-12-03 20:59:00+00:00,32.45304884389043,-111.43832660280168,635.0,2.0,296.4,10.57,23,gps,0.4,0.8,1.0,-27.7,,,,68,,1733259540000,2024-12-03T13:59:00.000-07:00,60854.349386917886,1733224973825,Default Profile,False,1
2024-12-03 21:00:01+00:00,32.45551899075508,-111.4439516980201,638.0,2.0,308.9,10.08,23,gps,0.4,0.8,0.8,-27.7,,,,67,,1733259601000,2024-12-03T14:00:01.000-07:00,61449.336033552034,1733224973825,Default Profile,False,1
2024-12-03 21:02:03+00:00,32.45829968713224,-111.4498402364552,640.0,2.5,296.5,0.0,23,gps,0.4,0.8,0.8,-27.7,,,,67,,1733259662000,2024-12-03T14:01:02.000-07:00,62079.87156759544,1733224973825,Default Profile,False,2
2024-12-03 21:07:08+00:00,32.45913244597614,-111.44792081415653,637.2,3.0,52.0,2.47,24,gps,0.4,0.6,0.8,-27.7,,,,67,,1733259784000,2024-12-03T14:03:04.000-07:00,62278.13027884603,1733224973825,Default Profile,False,5
2024-12-03 21:09:10+00:00,32.45827550534159,-111.45019768271595,640.5,3.0,246.0,0.64,23,gps,0.4,0.6,0.8,-27.7,,,,65,,1733260089000,2024-12-03T14:08:09.000-07:00,62629.598003899715,1733224973825,Default Profile,False,2
2024-12-03 21:10:11+00:00,32.45670079719275,-111.44687580876052,636.0,2.5,113.9,8.78,23,gps,0.4,0.6,0.8,-27.7,,,,65,,1733260211000,2024-12-03T14:10:11.000-07:00,63017.017263090194,1733224973825,Default Profile,False,1
2024-12-03 21:16:16+00:00,32.45590375503525,-111.4437070582062,637.3333333333334,3.0,78.3,0.48,22,gps,0.4,0.8,1.0,-27.7,,,,65,,1733260271000,2024-12-03T14:11:11.000-07:00,63295.24272984754,1733224973825,Default Profile,False,6
2024-12-03 21:17:17+00:00,32.45479663833976,-111.44232669845223,637.0,2.0,121.6,9.37,24,gps,0.4,0.6,0.8,-27.7,,,,63,,1733260637000,2024-12-03T14:17:17.000-07:00,63566.38068202554,1733224973825,Default Profile,False,1
2024-12-04 14:43:02+00:00,32.45494534659637,-111.44017497246918,632.8065764023212,2.5,,0.17,33,gps,0.4,0.6,0.8,-27.7,,,,63,,1733260698000,2024-12-03T14:18:18.000-07:00,63761.11933256802,1733224973825,Default Profile,False,517
2024-12-04 14:47:03+00:00,32.4521282594651,-111.43704970367251,633.0,2.0,131.8,9.78,28,gps,0.4,0.6,0.8,-27.7,,,,97,,1733323623000,2024-12-04T07:47:03.000-07:00,4060.1921303685754,1733282508217,Default Profile,False,1
2024-12-04 14:54:44+00:00,32.445319471880794,-111.38229777105153,585.0,2.0,65.0,16.73,27,gps,0.4,0.8,1.0,-27.7,,,,95,,1733324084000,2024-12-04T07:54:44.000-07:00,9253.285789983778,1733282508217,Default Profile,False,1
2024-12-04 14:58:45+00:00,32.44028924033046,-111.37180061079562,575.0,2.0,180.4,13.65,31,gps,0.4,0.8,1.0,-27.7,,,,95,,1733324325000,2024-12-04T07:58:45.000-07:00,10386.06848140955,1733282508217,Default Profile,False,1
2024-12-04 15:02:46+00:00,32.429329231381416,-111.361203789711,574.0,1.5,91.3,14.49,26,gps,0.4,0.8,1.0,-27.7,,,,94,,1733324566000,2024-12-04T08:02:46.000-07:00,11959.04361422141,1733282508217,Default Profile,False,1
2024-12-04 15:06:47+00:00,32.42937512230128,-111.31324111483993,561.0,1.5,89.5,20.3,26,gps,0.4,0.8,0.8,-27.7,,,,93,,1733324807000,2024-12-04T08:06:47.000-07:00,16460.55676805166,1733282508217,Default Profile,False,1
2024-12-04 15:10:48+00:00,32.451240699738264,-111.28916510380805,560.0,1.5,90.1,25.0,25,gps,0.4,0.8,1.0,-27.7,,,,92,,1733325048000,2024-12-04T08:10:48.000-07:00,19779.616210252814,1733282508217,Default Profile,False,1
2024-12-04 15:14:49+00:00,32.46049838606268,-111.23967298306523,568.0,1.5,89.9,20.65,28,gps,0.4,0.8,0.8,-27.5,,,,91,,1733325289000,2024-12-04T08:14:49.000-07:00,24536.03604456437,1733282508217,Default Profile,False,1
2024-12-04 18:02:45+00:00,32.45855913965264,-111.21666975089508,573.536566013243,8.5,,0.0,30,gps,0.4,0.6,0.8,-27.5,,,,90,,1733325530000,2024-12-04T08:18:50.000-07:00,26752.063988601774,1733282508217,Default Profile,False,41
2024-12-04 18:06:46+00:00,32.460517580620944,-111.2343607004732,568.0,2.0,269.7,25.42,22,gps,0.4,0.6,0.8,-27.5,,,,64,,1733335606000,2024-12-04T11:06:46.000-07:00,28863.408572215187,1733282508217,Default Profile,True,1
2024-12-04 18:10:47+00:00,32.451224899850786,-111.29424788989128,556.0,1.5,269.9,27.82,24,gps,0.4,0.6,0.8,-27.5,,,,65,,1733335847000,2024-12-04T11:10:47.000-07:00,34576.65232387243,1733282508217,Default Profile,True,1
2024-12-04 18:14:48+00:00,32.42938664741814,-111.3237213436514,561.0,2.0,269.6,21.02,24,gps,0.4,0.6,0.8,-27.6,,,,67,,1733336088000,2024-12-04T11:14:48.000-07:00,38257.24185597805,1733282508217,Default Profile,True,1
2024-12-04 18:18:49+00:00,32.4293550895527,-111.3677723519504,579.0,2.0,270.2,15.23,23,gps,0.4,0.6,0.8,-27.6,,,,68,,1733336329000,2024-12-04T11:18:49.000-07:00,42391.625457580434,1733282508217,Default Profile,True,1
2024-12-04 18:22:50+00:00,32.43645674083382,-111.37473670765758,583.0,3.0,,0.0,23,gps,0.4,0.6,0.8,-27.6,,,,69,,1733336570000,2024-12-04T11:22:50.000-07:00,43416.70151655613,1733282508217,Default Profile,True,1
2024-12-04 18:26:51+00:00,32.43655149824917,-111.37615232728422,581.0,2.5,,0.0,24,gps,0.4,0.6,0.8,-27.7,,,,69,,1733336811000,2024-12-04T11:26:51.000-07:00,43549.970349934134,1733282508217,Default Profile,True,1
2024-12-04 18:30:52+00:00,32.443182338029146,-111.37173305265604,576.0,2.0,359.2,5.12,23,gps,0.4,0.6,0.8,-27.7,,,,70,,1733337052000,2024-12-04T11:30:52.000-07:00,44395.91795721379,1733282508217,Default Profile,True,1
2024-12-04 18:34:53+00:00,32.443610820919275,-111.3751353509724,579.0,2.0,,0.0,23,gps,0.4,0.6,0.8,-27.7,,,,71,,1733337293000,2024-12-04T11:34:53.000-07:00,44718.72453122591,1733282508217,Default Profile,False,1
2024-12-04 19:11:02+00:00,32.44166776072234,-111.37619378976524,580.3333333333334,2.5,,0.0,23,gps,0.4,0.6,0.8,-27.7,,,,70,,1733337534000,2024-12-04T11:38:54.000-07:00,44982.12247219239,1733282508217,Default Profile,False,9
2024-12-05 14:30:33+00:00,32.44165641541085,-111.37602988179893,577.3584229390679,33.0,136.0,0.0,30,gps,0.6,0.8,1.0,-27.7,,,,61,,1733340610000,2024-12-04T12:30:10.000-07:00,45082.16513737747,1733282508217,Default Profile,False,279
2024-12-05 14:34:34+00:00,32.44479702785611,-111.3717265985906,578.0,2.0,163.9,1.79,27,gps,0.4,0.6,0.8,-27.7,,,,78,,1733409274000,2024-12-05T07:34:34.000-07:00,47949.34689354035,1733282508217,Default Profile,True,1
2024-12-05 14:38:35+00:00,32.429308402352035,-111.35981968604028,575.0,1.5,89.4,15.29,27,gps,0.4,0.6,0.8,-27.7,,,,79,,1733409515000,2024-12-05T07:38:35.000-07:00,50002.34420299565,1733282508217,Default Profile,True,1
2024-12-05 14:42:36+00:00,32.42937738541514,-111.3146954588592,566.0,1.5,89.7,19.23,24,gps,0.4,0.8,0.8,-27.7,,,,80,,1733409756000,2024-12-05T07:42:36.000-07:00,54237.46091658002,1733282508217,Default Profile,True,1
2024-12-05 14:46:37+00:00,32.45123156346381,-111.28905831836164,560.0,1.5,89.5,24.869999,25,gps,0.4,0.8,0.8,-27.7,,,,81,,1733409997000,2024-12-05T07:46:37.000-07:00,57657.03046548441,1733282508217,Default Profile,True,1
2024-12-05 14:50:38+00:00,32.460509575903416,-111.23673143796624,569.0,1.5,89.9,21.09,26,gps,0.4,0.6,0.8,-27.6,,,,82,,1733410238000,2024-12-05T07:50:38.000-07:00,62673.917511974054,1733282508217,Default Profile,True,1
2024-12-05 18:48:05+00:00,32.458545270866075,-111.21670183763955,571.6120468665814,8.5,67.5,0.0,29,gps,0.4,0.8,1.0,-27.5,,,,82,,1733410479000,2024-12-05T07:54:39.000-07:00,64600.89213522283,1733282508217,Default Profile,False,58
2024-12-05 18:52:06+00:00,32.46053975075483,-111.23085178434847,569.0,2.5,270.9,25.56,20,gps,0.6,0.8,1.0,-27.5,,,,85,,1733424726000,2024-12-05T11:52:06.000-07:00,66397.20094695162,1733282508217,Default Profile,False,1
2024-12-05 18:56:07+00:00,32.451263037510216,-111.29067200236022,557.0,2.5,269.3,25.68,20,gps,0.6,0.8,1.0,-27.5,,,,84,,1733424967000,2024-12-05T11:56:07.000-07:00,72103.94167569642,1733282508217,Default Profile,False,1
2024-12-05 19:00:08+00:00,32.4293992202729,-111.31839380599558,563.0,2.5,270.4,14.5199995,22,gps,0.6,0.8,1.0,-27.6,,,,83,,1733425208000,2024-12-05T12:00:08.000-07:00,75664.59596199148,1733282508217,Default Profile,False,1
2024-12-05 19:04:09+00:00,32.42935299407691,-111.36630509980024,579.0,2.5,270.2,17.18,21,gps,0.6,1.0,1.2,-27.6,,,,82,,1733425449000,2024-12-05T12:04:09.000-07:00,80161.28562672916,1733282508217,Default Profile,False,1
2024-12-05 19:08:10+00:00,32.44427299126983,-111.37366482988,577.0,2.0,237.1,4.81,22,gps,0.6,1.0,1.2,-27.7,,,,81,,1733425690000,2024-12-05T12:08:10.000-07:00,81958.3447130909,1733282508217,Default Profile,False,1
2024-12-05 23:59:47+00:00,32.44167125900277,-111.37604677351192,575.625,6.0,173.8,0.0,33,gps,0.6,0.8,1.0,-27.7,,,,80,,1733425931000,2024-12-05T12:12:11.000-07:00,82319.6711454429,1733282508217,Default Profile,False,72
2024-12-06 14:57:17+00:00,32.44168518502423,-111.37604812966237,577.4369747899162,27.5,0.0,0.0,30,gps,0.4,1.0,1.2,-27.7,,,,51,,1733468434000,2024-12-06T00:00:34.000-07:00,83282.80434061018,1733282508217,Default Profile,False,119
2024-12-06 15:01:18+00:00,32.44391235988587,-111.37443261221053,580.0,1.5,61.4,4.42,24,gps,0.4,0.8,1.0,-27.7,,,,86,,1733497278000,2024-12-06T08:01:18.000-07:00,84764.03541864308,1733282508217,Default Profile,True,1
2024-12-06 15:05:19+00:00,32.42932260967791,-111.37180304154754,581.0,3.0,109.1,4.95,24,gps,0.4,1.0,1.0,-27.7,,,,87,,1733497519000,2024-12-06T08:05:19.000-07:00,86405.00352131663,1733282508217,Default Profile,False,1
2024-12-06 15:11:52+00:00,32.44026116095483,-111.30426501855254,556.0,1.0,0.3,24.029999,25,gps,0.4,0.8,0.8,-27.7,,,,88,,1733497912000,2024-12-06T08:11:52.000-07:00,92859.01288353329,1733282508217,Default Profile,True,1
2024-12-06 15:15:53+00:00,32.460408112965524,-111.264903601259,567.0,1.0,90.0,22.76,28,gps,0.4,0.8,0.8,-27.6,,,,89,,1733498153000,2024-12-06T08:15:53.000-07:00,97178.70695112475,1733282508217,Default Profile,True,1
2024-12-06 18:28:10+00:00,32.458521571655204,-111.21671508170543,574.8749732971191,1.5,59.9,5.8399997,28,gps,0.4,0.8,0.8,-27.6,,,,89,,1733498394000,2024-12-06T08:19:54.000-07:00,101757.4625548385,1733282508217,Default Profile,True,48
2024-12-06 18:32:11+00:00,32.45994606055319,-111.27394951879978,557.0,2.5,236.3,23.199999,22,gps,0.6,0.6,0.8,-27.5,,,,65,,1733509931000,2024-12-06T11:32:11.000-07:00,107352.02387270944,1733282508217,Default Profile,True,1
2024-12-06 18:36:12+00:00,32.43487712927163,-111.3042998034507,553.0,2.0,180.1,24.82,22,gps,0.4,0.6,0.8,-27.5,,,,66,,1733510172000,2024-12-06T11:36:12.000-07:00,111337.13639846376,1733282508217,Default Profile,True,1
2024-12-06 18:40:13+00:00,32.42938455194235,-111.3494235277176,562.0,2.0,270.7,20.14,23,gps,0.6,0.8,1.0,-27.6,,,,67,,1733510413000,2024-12-06T11:40:13.000-07:00,115615.8812491332,1733282508217,Default Profile,False,1
2024-12-06 18:44:14+00:00,32.44277216959745,-111.37173774652184,575.0,2.5,0.6,10.61,20,gps,0.6,0.8,1.0,-27.6,,,,68,,1733510654000,2024-12-06T11:44:14.000-07:00,118185.20513897316,1733282508217,Default Profile,True,1
2024-12-06 22:16:02+00:00,32.44420743811959,-111.373008324934,571.181818181818,5.0,,0.02,29,gps,0.6,0.8,1.0,-27.6,,,,69,,1733510895000,2024-12-06T11:48:15.000-07:00,118386.53132573862,1733282508217,Default Profile,False,44
2024-12-06 22:21:03+00:00,32.42933128494769,-111.37161092832685,579.0,2.5,94.1,9.059999,29,gps,0.4,0.8,0.8,-27.7,,,,82,,1733523663000,2024-12-06T15:21:03.000-07:00,120449.20242751442,1733518771812,Default Profile,True,1
2024-12-06 22:26:04+00:00,32.42937135044485,-111.31459655240178,562.0,1.5,90.4,24.05,28,gps,0.4,0.8,1.0,-27.7,,,,82,,1733523964000,2024-12-06T15:26:04.000-07:00,125800.25696063062,1733518771812,Default Profile,True,1
2024-12-06 22:30:58.456000+00:00,32.4581168,-111.2714226,561.7000122070312,39.496,,,0,network,,,,,,,,83,,1733524258456,2024-12-06T15:30:58.456-07:00,130960.74623281116,1733518771812,Default Profile,True,1
2024-12-06 22:40:49+00:00,32.40169585682452,-111.1321019846946,604.0,2.0,130.2,34.399998,27,gps,0.4,0.8,0.8,-27.5,,,,83,,1733524849000,2024-12-06T15:40:49.000-07:00,145463.69538731428,1733518771812,Default Profile,False,1
2024-12-06 22:45:50+00:00,32.33495784457773,-111.063848817721,640.0,2.0,137.7,31.13,27,gps,0.4,0.8,0.8,-27.6,,,,84,,1733525150000,2024-12-06T15:45:50.000-07:00,155269.85458984866,1733518771812,Default Profile,True,1
2024-12-06 22:50:51+00:00,32.274563047103584,-111.01340107619762,661.0,2.0,148.4,25.32,26,gps,0.4,0.8,1.0,-27.6,,,,84,,1733525451000,2024-12-06T15:50:51.000-07:00,163490.49331138484,1733518771812,Default Profile,False,1
2024-12-06 22:55:52+00:00,32.25359911099076,-110.9956663940102,676.0,2.5,147.4,10.44,30,gps,0.4,0.8,0.8,-27.7,,,,84,,1733525752000,2024-12-06T15:55:52.000-07:00,166356.6021591397,1733518771812,Default Profile,True,1
2024-12-06 23:00:53+00:00,32.221520938910544,-110.98067997023465,684.0,2.5,,0.0,28,gps,0.4,0.8,1.0,-27.7,,,,85,,1733526053000,2024-12-06T16:00:53.000-07:00,170191.93172604634,1733518771812,Default Profile,True,1
2024-12-06 23:05:56.611000+00:00,32.2215236,-110.9772962,687.7999877929688,35.677002,,,0,network,,,,,,,,85,,1733526356611,2024-12-06T16:05:56.611-07:00,170510.2435453222,1733518771812,Default Profile,False,1
2024-12-06 23:10:51.132000+00:00,32.221574,-110.9654082,716.2000122070312,13.585,,,0,network,,,,,,,,85,,1733526651132,2024-12-06T16:10:51.132-07:00,171628.56288142657,1733518771812,Default Profile,True,1
2024-12-06 23:15:54+00:00,32.221451117657125,-110.9304157923907,724.0,1.5,91.9,15.91,26,gps,0.4,0.8,1.0,-27.7,,,,86,,1733526954000,2024-12-06T16:15:54.000-07:00,174920.33166106677,1733518771812,Default Profile,True,1
2024-12-06 23:20:55+00:00,32.2214618884027,-110.90344794094564,742.0,2.0,90.5,12.37,25,gps,0.4,0.8,1.0,-27.7,,,,87,,1733527255000,2024-12-06T16:20:55.000-07:00,177457.20287151565,1733518771812,Default Profile,True,1
2024-12-07 00:06:01.339000+00:00,32.21152443879802,-110.89716295133339,743.3333333333334,5.0,114.1,,29,gps,0.4,0.8,1.0,-27.7,,,,87,,1733527556000,2024-12-06T16:25:56.000-07:00,178718.4376967746,1733518771812,Default Profile,False,9
2024-12-07 00:11:02+00:00,32.22702969331294,-110.90106069110334,734.0,7.0,356.7,12.71,26,gps,0.4,0.6,0.8,-27.6,,,,81,,1733530262000,2024-12-06T17:11:02.000-07:00,180514.93735386032,1733518771812,Default Profile,False,1
2024-12-07 00:16:03+00:00,32.228829958476126,-110.92560307122768,729.0,3.5,269.9,2.6,25,gps,0.4,0.8,0.8,-27.7,,,,80,,1733530563000,2024-12-06T17:16:03.000-07:00,182832.14217720053,1733518771812,Default Profile,False,1
2024-12-07 01:11:05.254000+00:00,32.227619444942384,-110.93470384059286,719.2727383700284,13.172,,,19,network,,,,,,,,80,,1733530863271,2024-12-06T17:21:03.271-07:00,183689.31853300787,1733518771812,Default Profile,False,11
2024-12-07 01:16:06+00:00,32.22787312231958,-110.93185069039464,704.0,9.5,89.8,15.599999,24,gps,0.6,1.0,1.2,-27.6,,,,73,,1733534166000,2024-12-06T18:16:06.000-07:00,183993.7195318057,1733518771812,Default Profile,False,1
2024-12-07 01:21:07+00:00,32.22196890972555,-110.90093898586927,728.0,11.5,,0.0,23,gps,0.6,1.2,1.4,-27.7,,,,73,,1733534467000,2024-12-06T18:21:07.000-07:00,186974.67232662864,1733518771812,Default Profile,False,1
2024-12-07 15:03:55+00:00,32.22016332205385,-110.8922403305769,740.0,2.0,359.1,13.059999,27,gps,0.4,0.8,0.8,-27.6,,,,62,,1733583835000,2024-12-07T08:03:55.000-07:00,189972.65730033684,1733518771812,Default Profile,False,1
2024-12-07 15:29:00+00:00,32.235676757991314,-110.87804968468845,739.2,8.5,,0.0,29,gps,0.4,0.8,1.0,-27.6,,,,61,,1733584136000,2024-12-07T08:08:56.000-07:00,192155.2799642289,1733518771812,Default Profile,False,5
2024-12-07 15:34:00+00:00,32.23382490221411,-110.87558833882213,745.0,2.0,172.1,10.809999,27,gps,0.4,0.8,0.8,-27.6,,,,63,,1733585640000,2024-12-07T08:34:00.000-07:00,192481.65042762485,1733518771812,Default Profile,False,1
2024-12-07 15:39:01+00:00,32.22894634120166,-110.90931334532796,744.0,3.0,269.9,15.11,27,gps,0.4,0.8,1.0,-27.6,,,,61,,1733585941000,2024-12-07T08:39:01.000-07:00,195699.8712672627,1733518771812,Default Profile,False,1
2024-12-07 15:44:02+00:00,32.227883390150964,-110.94576356001198,718.0,3.5,269.9,15.42,26,gps,0.4,0.8,1.0,-27.6,,,,60,,1733586242000,2024-12-07T08:44:02.000-07:00,199130.5240861836,1733518771812,Default Profile,False,1
2024-12-07 15:49:03+00:00,32.22793380729854,-110.95664620399477,708.0,3.5,181.0,0.77,26,gps,0.4,0.8,1.0,-27.6,,,,58,,1733586543000,2024-12-07T08:49:03.000-07:00,200154.1991697903,1733518771812,Default Profile,False,1
2024-12-07 15:54:04+00:00,32.235892759636045,-110.97873645834623,694.0,2.5,266.7,16.49,26,gps,0.4,0.8,1.0,-27.7,,,,58,,1733586844000,2024-12-07T08:54:04.000-07:00,202412.61675535623,1733518771812,Default Profile,False,1
2024-12-07 15:59:05+00:00,32.2907981229946,-111.02641833946107,650.0,2.5,322.9,26.619999,25,gps,0.4,1.0,1.0,-27.7,,,,57,,1733587145000,2024-12-07T08:59:05.000-07:00,209987.1856782585,1733518771812,Default Profile,False,1
2024-12-07 16:04:06+00:00,32.346976613625884,-111.07637121342124,632.0,3.5,314.3,25.519999,25,gps,0.4,1.0,1.0,-27.6,,,,56,,1733587446000,2024-12-07T09:04:06.000-07:00,217801.01924140644,1733518771812,Default Profile,False,1
2024-12-07 16:09:07+00:00,32.380968374200165,-111.11436931416392,611.0,4.0,2.6,15.29,26,gps,0.4,0.8,1.0,-27.6,,,,54,,1733587747000,2024-12-07T09:09:07.000-07:00,222999.39181829,1733518771812,Default Profile,False,1
2024-12-07 16:14:09.125000+00:00,32.3819827,-111.1149911,612.2000122070312,19.417,,,0,network,,,,,,,,52,,1733588049125,2024-12-07T09:14:09.125-07:00,223126.3969489062,1733518771812,Default Profile,False,1
2024-12-07 16:19:08+00:00,32.379166977480054,-111.10930044203997,622.0,2.0,46.7,3.97,25,gps,0.4,0.8,1.0,-27.6,,,,52,,1733588348000,2024-12-07T09:19:08.000-07:00,223745.74520898095,1733518771812,Default Profile,False,1
2024-12-07 16:24:09+00:00,32.437178757973015,-111.18124977685513,584.0,2.5,310.3,33.76,24,gps,0.4,0.8,1.0,-27.6,,,,51,,1733588649000,2024-12-07T09:24:09.000-07:00,233085.53546276913,1733518771812,Default Profile,False,1
2024-12-07 16:29:10+00:00,32.495771907269955,-111.26260025426744,561.0,3.5,322.5,33.84,25,gps,0.4,0.8,1.0,-27.5,,,,50,,1733588950000,2024-12-07T09:29:10.000-07:00,243120.2460164313,1733518771812,Default Profile,False,1
2024-12-07 16:34:11+00:00,32.57153207436204,-111.32134205661714,539.0,2.5,322.0,33.649998,23,gps,0.4,0.8,1.0,-27.4,,,,49,,1733589251000,2024-12-07T09:34:11.000-07:00,253184.5894276535,1733518771812,Default Profile,False,1
2024-12-07 16:39:12+00:00,32.6438001729548,-111.38708434067668,520.0,2.5,307.3,33.75,24,gps,0.4,0.8,1.0,-27.4,,,,48,,1733589552000,2024-12-07T09:39:12.000-07:00,263308.5941123882,1733518771812,Default Profile,False,1
2024-12-07 16:44:13+00:00,32.69959774799645,-111.47285141050816,472.0,6.0,306.4,33.8,24,gps,0.4,0.8,1.0,-27.4,,,,47,,1733589853000,2024-12-07T09:44:13.000-07:00,273454.6330446196,1733518771812,Default Profile,False,1
2024-12-07 16:49:14+00:00,32.74425099603832,-111.5660550724715,448.0,6.5,306.2,33.75,23,gps,0.4,0.8,0.8,-27.4,,,,47,,1733590154000,2024-12-07T09:49:14.000-07:00,283488.36526631477,1733518771812,Default Profile,False,1
2024-12-07 16:54:15+00:00,32.798474533483386,-111.65336944162846,430.0,8.0,306.2,33.76,23,gps,0.4,0.6,0.8,-27.4,,,,46,,1733590455000,2024-12-07T09:54:15.000-07:00,293637.1623889784,1733518771812,Default Profile,False,1
2024-12-07 16:59:16+00:00,32.87447794340551,-111.68684483505784,405.0,4.5,0.6,33.75,23,gps,0.4,0.6,0.8,-27.3,,,,46,,1733590756000,2024-12-07T09:59:16.000-07:00,302648.50240846607,1733518771812,Default Profile,False,1
2024-12-07 17:04:17+00:00,32.95840380247682,-111.71683863736688,427.0,6.5,325.8,33.64,24,gps,0.4,0.6,0.8,-27.3,,,,45,,1733591057000,2024-12-07T10:04:17.000-07:00,312391.56236146233,1733518771812,Default Profile,False,1
2024-12-07 17:09:18+00:00,33.0339139373973,-111.7771579977125,419.0,6.5,327.0,32.649998,25,gps,0.4,0.6,0.8,-27.1,,,,45,,1733591358000,2024-12-07T10:09:18.000-07:00,322498.16916011483,1733518771812,Default Profile,False,1
2024-12-07 17:14:19+00:00,33.10845240019262,-111.83452206663787,346.0,8.5,326.9,33.53,24,gps,0.4,0.6,0.8,-27.0,,,,44,,1733591659000,2024-12-07T10:14:19.000-07:00,332360.5851116787,1733518771812,Default Profile,False,1
2024-12-07 17:19:20+00:00,33.18018694873899,-111.88984422013164,337.0,7.5,326.9,32.77,22,gps,0.4,0.6,0.8,-26.9,,,,43,,1733591960000,2024-12-07T10:19:20.000-07:00,341855.53915708506,1733518771812,Default Profile,False,1
2024-12-07 17:24:21+00:00,33.24470472056419,-111.93963255733252,325.0,6.0,327.0,27.599998,21,gps,0.6,0.8,1.0,-26.9,,,,43,,1733592261000,2024-12-07T10:24:21.000-07:00,350394.9160781702,1733518771812,Default Profile,False,1
2024-12-07 17:29:22+00:00,33.30833694431931,-111.97203288786112,336.0,8.5,359.5,30.699999,22,gps,0.4,0.8,1.0,-26.8,,,,42,,1733592562000,2024-12-07T10:29:22.000-07:00,358084.9150723568,1733518771812,Default Profile,False,1
2024-12-07 17:34:23+00:00,33.388164513744414,-111.9664204493165,331.0,10.5,17.8,25.699999,22,gps,0.6,0.8,1.0,-26.7,,,,42,,1733592863000,2024-12-07T10:34:23.000-07:00,366976.6312589358,1733518771812,Default Profile,False,1
2024-12-07 17:39:24+00:00,33.43644892796874,-111.98335063643754,309.0,9.5,250.3,13.94,24,gps,0.4,0.6,0.8,-26.7,,,,41,,1733593164000,2024-12-07T10:39:24.000-07:00,372570.8541876259,1733518771812,Default Profile,False,1
2024-12-07 17:44:25+00:00,33.435163269750774,-112.00025031343102,314.0,17.0,282.0,12.009999,16,gps,0.8,1.2,1.6,-26.6,,,,40,,1733593465000,2024-12-07T10:44:25.000-07:00,374145.52154188487,1733518771812,Default Profile,False,1
2024-12-07 18:04:29.197000+00:00,33.4355272,-112.009397925,313.5750045776367,30.616,,,0,network,,,,,,,,39,,1733593766500,2024-12-07T10:49:26.500-07:00,375005.1804982134,1733518771812,Default Profile,False,4
2024-12-07 18:09:29.279000+00:00,33.4365798,-112.0088449,314.6000061035156,35.682,,,0,network,,,,,,,,35,,1733594969279,2024-12-07T11:09:29.279-07:00,375176.7289320808,1733518771812,Default Profile,False,1
2024-12-07 18:14:32.677000+00:00,33.4355607,-112.0092965,316.1000061035156,17.643,,,0,network,,,,,,,,34,,1733595272677,2024-12-07T11:14:32.677-07:00,375297.5476725703,1733518771812,Default Profile,False,1
2024-12-07 19:27:28.112000+00:00,33.434395964285706,-112.01002352142856,314.5,34.923,,,0,network,,,,,,,,33,,1733595572971,2024-12-07T11:19:32.971-07:00,375446.1730781444,1733518771812,Default Profile,False,14
